month,amount
2025-01,3819931.253787019
2025-02,1280316.2872039645
